Week,Price,Sales,Remaining Inventory,Run,Your Revenue,Perfect Revenue,Difference (%)
1,60,110,1890,1,98094,109872,10.7
2,54,129,1761,1,98094,109872,10.7
3,48,181,1580,1,98094,109872,10.7
4,48,166,1414,1,98094,109872,10.7
5,48,109,1305,1,98094,109872,10.7
6,48,240,1065,1,98094,109872,10.7
7,48,217,848,1,98094,109872,10.7
8,48,222,626,1,98094,109872,10.7
9,48,316,310,1,98094,109872,10.7
10,48,96,214,1,98094,109872,10.7
11,48,172,42,1,98094,109872,10.7
12,48,42,0,1,98094,109872,10.7
13,48,0,0,1,98094,109872,10.7
14,48,0,0,1,98094,109872,10.7
15,48,0,0,1,98094,109872,10.7
1,60,68,1932,2,80226,86436,7.2
2,54,123,1809,2,80226,86436,7.2
3,48,133,1676,2,80226,86436,7.2
4,48,110,1566,2,80226,86436,7.2
5,48,126,1440,2,80226,86436,7.2
6,48,83,1357,2,80226,86436,7.2
7,48,140,1217,2,80226,86436,7.2
8,48,67,1150,2,80226,86436,7.2
9,48,144,1006,2,80226,86436,7.2
10,48,98,908,2,80226,86436,7.2
11,48,110,798,2,80226,86436,7.2
12,48,138,660,2,80226,86436,7.2
13,48,63,597,2,80226,86436,7.2
14,48,178,419,2,80226,86436,7.2
15,48,58,361,2,80226,86436,7.2
1,60,76,1924,3,73068,81432,10.3
2,54,58,1866,3,73068,81432,10.3
3,48,72,1794,3,73068,81432,10.3
4,48,134,1660,3,73068,81432,10.3
5,48,157,1503,3,73068,81432,10.3
6,48,120,1383,3,73068,81432,10.3
7,48,72,1311,3,73068,81432,10.3
8,48,78,1233,3,73068,81432,10.3
9,48,120,1113,3,73068,81432,10.3
10,48,86,1027,3,73068,81432,10.3
11,48,125,902,3,73068,81432,10.3
12,48,26,876,3,73068,81432,10.3
13,48,108,768,3,73068,81432,10.3
14,48,164,604,3,73068,81432,10.3
15,48,100,504,3,73068,81432,10.3
1,60,56,1944,4,65964,76584,13.9
2,54,82,1862,4,65964,76584,13.9
3,48,84,1778,4,65964,76584,13.9
4,48,76,1702,4,65964,76584,13.9
5,48,38,1664,4,65964,76584,13.9
6,48,85,1579,4,65964,76584,13.9
7,48,81,1498,4,65964,76584,13.9
8,48,148,1350,4,65964,76584,13.9
9,48,128,1222,4,65964,76584,13.9
10,48,130,1092,4,65964,76584,13.9
11,48,113,979,4,65964,76584,13.9
12,48,75,904,4,65964,76584,13.9
13,48,84,820,4,65964,76584,13.9
14,48,99,721,4,65964,76584,13.9
15,48,71,650,4,65964,76584,13.9
1,60,71,1929,5,84996,88824,4.3
2,54,56,1873,5,84996,88824,4.3
3,48,103,1770,5,84996,88824,4.3
4,48,113,1657,5,84996,88824,4.3
5,48,165,1492,5,84996,88824,4.3
6,48,102,1390,5,84996,88824,4.3
7,48,125,1265,5,84996,88824,4.3
8,48,164,1101,5,84996,88824,4.3
9,48,68,1033,5,84996,88824,4.3
10,48,79,954,5,84996,88824,4.3
11,48,114,840,5,84996,88824,4.3
12,48,143,697,5,84996,88824,4.3
13,48,155,542,5,84996,88824,4.3
14,48,144,398,5,84996,88824,4.3
15,48,144,254,5,84996,88824,4.3
1,60,73,1927,6,97788,98988,1.2
2,54,152,1775,6,97788,98988,1.2
3,48,164,1611,6,97788,98988,1.2
4,48,105,1506,6,97788,98988,1.2
5,48,177,1329,6,97788,98988,1.2
6,48,165,1164,6,97788,98988,1.2
7,48,158,1006,6,97788,98988,1.2
8,48,104,902,6,97788,98988,1.2
9,48,126,776,6,97788,98988,1.2
10,48,227,549,6,97788,98988,1.2
11,48,169,380,6,97788,98988,1.2
12,48,76,304,6,97788,98988,1.2
13,48,66,238,6,97788,98988,1.2
14,48,104,134,6,97788,98988,1.2
15,48,134,0,6,97788,98988,1.2
1,60,106,1894,7,98388,113472,13.3
2,54,186,1708,7,98388,113472,13.3
3,48,139,1569,7,98388,113472,13.3
4,48,167,1402,7,98388,113472,13.3
5,48,293,1109,7,98388,113472,13.3
6,48,199,910,7,98388,113472,13.3
7,48,213,697,7,98388,113472,13.3
8,48,148,549,7,98388,113472,13.3
9,48,167,382,7,98388,113472,13.3
10,48,214,168,7,98388,113472,13.3
11,48,147,21,7,98388,113472,13.3
12,48,21,0,7,98388,113472,13.3
13,48,0,0,7,98388,113472,13.3
14,48,0,0,7,98388,113472,13.3
15,48,0,0,7,98388,113472,13.3
1,60,98,1902,8,98016,104268,6.0
2,54,140,1762,8,98016,104268,6.0
3,48,150,1612,8,98016,104268,6.0
4,48,171,1441,8,98016,104268,6.0
5,48,203,1238,8,98016,104268,6.0
6,48,76,1162,8,98016,104268,6.0
7,48,110,1052,8,98016,104268,6.0
8,48,265,787,8,98016,104268,6.0
9,48,217,570,8,98016,104268,6.0
10,48,108,462,8,98016,104268,6.0
11,48,275,187,8,98016,104268,6.0
12,48,128,59,8,98016,104268,6.0
13,48,59,0,8,98016,104268,6.0
14,48,0,0,8,98016,104268,6.0
15,48,0,0,8,98016,104268,6.0
1,60,68,1932,9,92070,94248,2.3
2,54,105,1827,9,92070,94248,2.3
3,48,86,1741,9,92070,94248,2.3
4,48,159,1582,9,92070,94248,2.3
5,48,129,1453,9,92070,94248,2.3
6,48,158,1295,9,92070,94248,2.3
7,48,139,1156,9,92070,94248,2.3
8,48,149,1007,9,92070,94248,2.3
9,48,141,866,9,92070,94248,2.3
10,48,159,707,9,92070,94248,2.3
11,48,118,589,9,92070,94248,2.3
12,48,89,500,9,92070,94248,2.3
13,48,124,376,9,92070,94248,2.3
14,48,155,221,9,92070,94248,2.3
15,48,109,112,9,92070,94248,2.3
1,60,155,1845,10,98718,120000,17.7
2,54,143,1702,10,98718,120000,17.7
3,48,240,1462,10,98718,120000,17.7
4,48,273,1189,10,98718,120000,17.7
5,48,281,908,10,98718,120000,17.7
6,48,260,648,10,98718,120000,17.7
7,48,304,344,10,98718,120000,17.7
8,48,245,99,10,98718,120000,17.7
9,48,99,0,10,98718,120000,17.7
10,48,0,0,10,98718,120000,17.7
11,48,0,0,10,98718,120000,17.7
12,48,0,0,10,98718,120000,17.7
13,48,0,0,10,98718,120000,17.7
14,48,0,0,10,98718,120000,17.7
15,48,0,0,10,98718,120000,17.7
1,60,71,1929,11,93726,94740,1.1
2,54,95,1834,11,93726,94740,1.1
3,48,102,1732,11,93726,94740,1.1
4,48,85,1647,11,93726,94740,1.1
5,48,130,1517,11,93726,94740,1.1
6,48,91,1426,11,93726,94740,1.1
7,48,82,1344,11,93726,94740,1.1
8,48,233,1111,11,93726,94740,1.1
9,48,57,1054,11,93726,94740,1.1
10,48,150,904,11,93726,94740,1.1
11,48,224,680,11,93726,94740,1.1
12,48,166,514,11,93726,94740,1.1
13,48,128,386,11,93726,94740,1.1
14,48,143,243,11,93726,94740,1.1
15,48,166,77,11,93726,94740,1.1
1,60,74,1926,12,85026,89304,4.8
2,54,63,1863,12,85026,89304,4.8
3,48,122,1741,12,85026,89304,4.8
4,48,137,1604,12,85026,89304,4.8
5,48,136,1468,12,85026,89304,4.8
6,48,113,1355,12,85026,89304,4.8
7,48,124,1231,12,85026,89304,4.8
8,48,180,1051,12,85026,89304,4.8
9,48,154,897,12,85026,89304,4.8
10,48,57,840,12,85026,89304,4.8
11,48,88,752,12,85026,89304,4.8
12,48,128,624,12,85026,89304,4.8
13,48,121,503,12,85026,89304,4.8
14,48,144,359,12,85026,89304,4.8
15,48,104,255,12,85026,89304,4.8
1,60,102,1898,13,97830,106404,8.1
2,54,101,1797,13,97830,106404,8.1
3,48,97,1700,13,97830,106404,8.1
4,48,165,1535,13,97830,106404,8.1
5,48,135,1400,13,97830,106404,8.1
6,48,124,1276,13,97830,106404,8.1
7,48,219,1057,13,97830,106404,8.1
8,48,96,961,13,97830,106404,8.1
9,48,180,781,13,97830,106404,8.1
10,48,206,575,13,97830,106404,8.1
11,48,192,383,13,97830,106404,8.1
12,48,155,228,13,97830,106404,8.1
13,48,228,0,13,97830,106404,8.1
14,48,0,0,13,97830,106404,8.1
15,48,0,0,13,97830,106404,8.1
1,60,72,1928,14,84120,88632,5.1
2,54,84,1844,14,84120,88632,5.1
3,48,140,1704,14,84120,88632,5.1
4,48,126,1578,14,84120,88632,5.1
5,48,113,1465,14,84120,88632,5.1
6,48,85,1380,14,84120,88632,5.1
7,48,124,1256,14,84120,88632,5.1
8,48,40,1216,14,84120,88632,5.1
9,48,70,1146,14,84120,88632,5.1
10,48,123,1023,14,84120,88632,5.1
11,48,159,864,14,84120,88632,5.1
12,48,149,715,14,84120,88632,5.1
13,48,107,608,14,84120,88632,5.1
14,48,180,428,14,84120,88632,5.1
15,48,152,276,14,84120,88632,5.1
1,60,105,1895,15,98058,104130,5.8
2,54,133,1762,15,98058,104130,5.8
3,48,58,1704,15,98058,104130,5.8
4,48,146,1558,15,98058,104130,5.8
5,48,137,1421,15,98058,104130,5.8
6,48,237,1184,15,98058,104130,5.8
7,48,193,991,15,98058,104130,5.8
8,48,160,831,15,98058,104130,5.8
9,48,166,665,15,98058,104130,5.8
10,48,130,535,15,98058,104130,5.8
11,48,179,356,15,98058,104130,5.8
12,48,215,141,15,98058,104130,5.8
13,48,123,18,15,98058,104130,5.8
14,48,18,0,15,98058,104130,5.8
15,48,0,0,15,98058,104130,5.8
1,60,141,1859,16,98508,120000,17.9
2,54,136,1723,16,98508,120000,17.9
3,48,352,1371,16,98508,120000,17.9
4,48,229,1142,16,98508,120000,17.9
5,48,187,955,16,98508,120000,17.9
6,48,301,654,16,98508,120000,17.9
7,48,179,475,16,98508,120000,17.9
8,48,203,272,16,98508,120000,17.9
9,48,250,22,16,98508,120000,17.9
10,48,22,0,16,98508,120000,17.9
11,48,0,0,16,98508,120000,17.9
12,48,0,0,16,98508,120000,17.9
13,48,0,0,16,98508,120000,17.9
14,48,0,0,16,98508,120000,17.9
15,48,0,0,16,98508,120000,17.9
1,60,72,1928,17,93198,94230,1.1
2,54,85,1843,17,93198,94230,1.1
3,48,98,1745,17,93198,94230,1.1
4,48,181,1564,17,93198,94230,1.1
5,48,129,1435,17,93198,94230,1.1
6,48,179,1256,17,93198,94230,1.1
7,48,154,1102,17,93198,94230,1.1
8,48,100,1002,17,93198,94230,1.1
9,48,114,888,17,93198,94230,1.1
10,48,115,773,17,93198,94230,1.1
11,48,99,674,17,93198,94230,1.1
12,48,91,583,17,93198,94230,1.1
13,48,110,473,17,93198,94230,1.1
14,48,211,262,17,93198,94230,1.1
15,48,175,87,17,93198,94230,1.1
1,60,119,1881,18,98256,117696,16.5
2,54,138,1743,18,98256,117696,16.5
3,48,220,1523,18,98256,117696,16.5
4,48,223,1300,18,98256,117696,16.5
5,48,212,1088,18,98256,117696,16.5
6,48,184,904,18,98256,117696,16.5
7,48,279,625,18,98256,117696,16.5
8,48,79,546,18,98256,117696,16.5
9,48,319,227,18,98256,117696,16.5
10,48,204,23,18,98256,117696,16.5
11,48,23,0,18,98256,117696,16.5
12,48,0,0,18,98256,117696,16.5
13,48,0,0,18,98256,117696,16.5
14,48,0,0,18,98256,117696,16.5
15,48,0,0,18,98256,117696,16.5
1,60,54,1946,19,72354,80256,9.8
2,54,47,1899,19,72354,80256,9.8
3,48,142,1757,19,72354,80256,9.8
4,48,66,1691,19,72354,80256,9.8
5,48,124,1567,19,72354,80256,9.8
6,48,109,1458,19,72354,80256,9.8
7,48,67,1391,19,72354,80256,9.8
8,48,116,1275,19,72354,80256,9.8
9,48,114,1161,19,72354,80256,9.8
10,48,99,1062,19,72354,80256,9.8
11,48,119,943,19,72354,80256,9.8
12,48,115,828,19,72354,80256,9.8
13,48,24,804,19,72354,80256,9.8
14,48,128,676,19,72354,80256,9.8
15,48,164,512,19,72354,80256,9.8
1,60,64,1936,20,80460,86052,6.5
2,54,90,1846,20,80460,86052,6.5
3,48,150,1696,20,80460,86052,6.5
4,48,76,1620,20,80460,86052,6.5
5,48,132,1488,20,80460,86052,6.5
6,48,148,1340,20,80460,86052,6.5
7,48,90,1250,20,80460,86052,6.5
8,48,100,1150,20,80460,86052,6.5
9,48,84,1066,20,80460,86052,6.5
10,48,142,924,20,80460,86052,6.5
11,48,90,834,20,80460,86052,6.5
12,48,85,749,20,80460,86052,6.5
13,48,128,621,20,80460,86052,6.5
14,48,125,496,20,80460,86052,6.5
15,48,145,351,20,80460,86052,6.5
1,60,96,1904,21,97842,108522,9.8
2,54,115,1789,21,97842,108522,9.8
3,48,210,1579,21,97842,108522,9.8
4,48,176,1403,21,97842,108522,9.8
5,48,72,1331,21,97842,108522,9.8
6,48,213,1118,21,97842,108522,9.8
7,48,180,938,21,97842,108522,9.8
8,48,102,836,21,97842,108522,9.8
9,48,232,604,21,97842,108522,9.8
10,48,191,413,21,97842,108522,9.8
11,48,113,300,21,97842,108522,9.8
12,48,264,36,21,97842,108522,9.8
13,48,36,0,21,97842,108522,9.8
14,48,0,0,21,97842,108522,9.8
15,48,0,0,21,97842,108522,9.8
1,60,93,1907,22,98250,105726,7.1
2,54,189,1718,22,98250,105726,7.1
3,48,197,1521,22,98250,105726,7.1
4,48,154,1367,22,98250,105726,7.1
5,48,83,1284,22,98250,105726,7.1
6,48,170,1114,22,98250,105726,7.1
7,48,157,957,22,98250,105726,7.1
8,48,131,826,22,98250,105726,7.1
9,48,229,597,22,98250,105726,7.1
10,48,200,397,22,98250,105726,7.1
11,48,176,221,22,98250,105726,7.1
12,48,178,43,22,98250,105726,7.1
13,48,43,0,22,98250,105726,7.1
14,48,0,0,22,98250,105726,7.1
15,48,0,0,22,98250,105726,7.1
1,60,79,1921,23,97890,97890,0.0
2,54,157,1764,23,97890,97890,0.0
3,48,108,1656,23,97890,97890,0.0
4,48,184,1472,23,97890,97890,0.0
5,48,125,1347,23,97890,97890,0.0
6,48,211,1136,23,97890,97890,0.0
7,48,98,1038,23,97890,97890,0.0
8,48,45,993,23,97890,97890,0.0
9,48,158,835,23,97890,97890,0.0
10,48,79,756,23,97890,97890,0.0
11,48,143,613,23,97890,97890,0.0
12,48,155,458,23,97890,97890,0.0
13,48,178,280,23,97890,97890,0.0
14,48,121,159,23,97890,97890,0.0
15,48,159,0,23,97890,97890,0.0
1,60,77,1923,24,97416,97860,0.5
2,54,82,1841,24,97416,97860,0.5
3,48,175,1666,24,97416,97860,0.5
4,48,156,1510,24,97416,97860,0.5
5,48,84,1426,24,97416,97860,0.5
6,48,240,1186,24,97416,97860,0.5
7,48,135,1051,24,97416,97860,0.5
8,48,180,871,24,97416,97860,0.5
9,48,127,744,24,97416,97860,0.5
10,48,110,634,24,97416,97860,0.5
11,48,167,467,24,97416,97860,0.5
12,48,83,384,24,97416,97860,0.5
13,48,153,231,24,97416,97860,0.5
14,48,76,155,24,97416,97860,0.5
15,48,155,0,24,97416,97860,0.5
1,60,134,1866,25,98400,119208,17.5
2,54,132,1734,25,98400,119208,17.5
3,48,199,1535,25,98400,119208,17.5
4,48,169,1366,25,98400,119208,17.5
5,48,261,1105,25,98400,119208,17.5
6,48,215,890,25,98400,119208,17.5
7,48,219,671,25,98400,119208,17.5
8,48,276,395,25,98400,119208,17.5
9,48,295,100,25,98400,119208,17.5
10,48,100,0,25,98400,119208,17.5
11,48,0,0,25,98400,119208,17.5
12,48,0,0,25,98400,119208,17.5
13,48,0,0,25,98400,119208,17.5
14,48,0,0,25,98400,119208,17.5
15,48,0,0,25,98400,119208,17.5
1,60,89,1911,26,97596,98226,0.6
2,54,88,1823,26,97596,98226,0.6
3,48,141,1682,26,97596,98226,0.6
4,48,172,1510,26,97596,98226,0.6
5,48,132,1378,26,97596,98226,0.6
6,48,224,1154,26,97596,98226,0.6
7,48,191,963,26,97596,98226,0.6
8,48,210,753,26,97596,98226,0.6
9,48,66,687,26,97596,98226,0.6
10,48,81,606,26,97596,98226,0.6
11,48,119,487,26,97596,98226,0.6
12,48,137,350,26,97596,98226,0.6
13,48,64,286,26,97596,98226,0.6
14,48,113,173,26,97596,98226,0.6
15,48,173,0,26,97596,98226,0.6
1,60,113,1887,27,98184,111288,11.8
2,54,138,1749,27,98184,111288,11.8
3,48,318,1431,27,98184,111288,11.8
4,48,256,1175,27,98184,111288,11.8
5,48,194,981,27,98184,111288,11.8
6,48,142,839,27,98184,111288,11.8
7,48,117,722,27,98184,111288,11.8
8,48,92,630,27,98184,111288,11.8
9,48,246,384,27,98184,111288,11.8
10,48,218,166,27,98184,111288,11.8
11,48,166,0,27,98184,111288,11.8
12,48,0,0,27,98184,111288,11.8
13,48,0,0,27,98184,111288,11.8
14,48,0,0,27,98184,111288,11.8
15,48,0,0,27,98184,111288,11.8
1,60,95,1905,28,97992,110148,11.0
2,54,142,1763,28,97992,110148,11.0
3,48,181,1582,28,97992,110148,11.0
4,48,90,1492,28,97992,110148,11.0
5,48,242,1250,28,97992,110148,11.0
6,48,236,1014,28,97992,110148,11.0
7,48,193,821,28,97992,110148,11.0
8,48,199,622,28,97992,110148,11.0
9,48,185,437,28,97992,110148,11.0
10,48,192,245,28,97992,110148,11.0
11,48,119,126,28,97992,110148,11.0
12,48,126,0,28,97992,110148,11.0
13,48,0,0,28,97992,110148,11.0
14,48,0,0,28,97992,110148,11.0
15,48,0,0,28,97992,110148,11.0
1,60,66,1934,29,80322,85572,6.1
2,54,55,1879,29,80322,85572,6.1
3,48,84,1795,29,80322,85572,6.1
4,48,141,1654,29,80322,85572,6.1
5,48,108,1546,29,80322,85572,6.1
6,48,173,1373,29,80322,85572,6.1
7,48,141,1232,29,80322,85572,6.1
8,48,172,1060,29,80322,85572,6.1
9,48,87,973,29,80322,85572,6.1
10,48,138,835,29,80322,85572,6.1
11,48,50,785,29,80322,85572,6.1
12,48,108,677,29,80322,85572,6.1
13,48,95,582,29,80322,85572,6.1
14,48,108,474,29,80322,85572,6.1
15,48,124,350,29,80322,85572,6.1
1,60,108,1892,30,98088,106986,8.3
2,54,132,1760,30,98088,106986,8.3
3,48,168,1592,30,98088,106986,8.3
4,48,244,1348,30,98088,106986,8.3
5,48,300,1048,30,98088,106986,8.3
6,48,79,969,30,98088,106986,8.3
7,48,82,887,30,98088,106986,8.3
8,48,180,707,30,98088,106986,8.3
9,48,187,520,30,98088,106986,8.3
10,48,167,353,30,98088,106986,8.3
11,48,99,254,30,98088,106986,8.3
12,48,172,82,30,98088,106986,8.3
13,48,82,0,30,98088,106986,8.3
14,48,0,0,30,98088,106986,8.3
15,48,0,0,30,98088,106986,8.3
1,60,64,1936,31,83016,87540,5.2
2,54,52,1884,31,83016,87540,5.2
3,48,136,1748,31,83016,87540,5.2
4,48,150,1598,31,83016,87540,5.2
5,48,94,1504,31,83016,87540,5.2
6,48,120,1384,31,83016,87540,5.2
7,48,149,1235,31,83016,87540,5.2
8,48,91,1144,31,83016,87540,5.2
9,48,159,985,31,83016,87540,5.2
10,48,151,834,31,83016,87540,5.2
11,48,117,717,31,83016,87540,5.2
12,48,102,615,31,83016,87540,5.2
13,48,96,519,31,83016,87540,5.2
14,48,118,401,31,83016,87540,5.2
15,48,108,293,31,83016,87540,5.2
1,60,133,1867,32,98880,120000,17.6
2,54,214,1653,32,98880,120000,17.6
3,48,179,1474,32,98880,120000,17.6
4,48,208,1266,32,98880,120000,17.6
5,48,197,1069,32,98880,120000,17.6
6,48,302,767,32,98880,120000,17.6
7,48,276,491,32,98880,120000,17.6
8,48,143,348,32,98880,120000,17.6
9,48,204,144,32,98880,120000,17.6
10,48,144,0,32,98880,120000,17.6
11,48,0,0,32,98880,120000,17.6
12,48,0,0,32,98880,120000,17.6
13,48,0,0,32,98880,120000,17.6
14,48,0,0,32,98880,120000,17.6
15,48,0,0,32,98880,120000,17.6
1,60,77,1923,33,85860,89736,4.3
2,54,100,1823,33,85860,89736,4.3
3,48,36,1787,33,85860,89736,4.3
4,48,138,1649,33,85860,89736,4.3
5,48,95,1554,33,85860,89736,4.3
6,48,151,1403,33,85860,89736,4.3
7,48,140,1263,33,85860,89736,4.3
8,48,129,1134,33,85860,89736,4.3
9,48,140,994,33,85860,89736,4.3
10,48,192,802,33,85860,89736,4.3
11,48,168,634,33,85860,89736,4.3
12,48,165,469,33,85860,89736,4.3
13,48,83,386,33,85860,89736,4.3
14,48,25,361,33,85860,89736,4.3
15,48,118,243,33,85860,89736,4.3
1,60,80,1920,34,97698,97698,0.0
2,54,123,1797,34,97698,97698,0.0
3,48,77,1720,34,97698,97698,0.0
4,48,140,1580,34,97698,97698,0.0
5,48,133,1447,34,97698,97698,0.0
6,48,150,1297,34,97698,97698,0.0
7,48,114,1183,34,97698,97698,0.0
8,48,180,1003,34,97698,97698,0.0
9,48,132,871,34,97698,97698,0.0
10,48,132,739,34,97698,97698,0.0
11,48,135,604,34,97698,97698,0.0
12,48,182,422,34,97698,97698,0.0
13,48,106,316,34,97698,97698,0.0
14,48,158,158,34,97698,97698,0.0
15,48,158,0,34,97698,97698,0.0
1,60,123,1877,35,98664,117132,15.8
2,54,198,1679,35,98664,117132,15.8
3,48,283,1396,35,98664,117132,15.8
4,48,186,1210,35,98664,117132,15.8
5,48,233,977,35,98664,117132,15.8
6,48,253,724,35,98664,117132,15.8
7,48,191,533,35,98664,117132,15.8
8,48,209,324,35,98664,117132,15.8
9,48,189,135,35,98664,117132,15.8
10,48,135,0,35,98664,117132,15.8
11,48,0,0,35,98664,117132,15.8
12,48,0,0,35,98664,117132,15.8
13,48,0,0,35,98664,117132,15.8
14,48,0,0,35,98664,117132,15.8
15,48,0,0,35,98664,117132,15.8
1,60,35,1965,36,47520,57036,16.7
2,54,34,1931,36,47520,57036,16.7
3,48,42,1889,36,47520,57036,16.7
4,48,76,1813,36,47520,57036,16.7
5,48,65,1748,36,47520,57036,16.7
6,48,82,1666,36,47520,57036,16.7
7,48,77,1589,36,47520,57036,16.7
8,48,61,1528,36,47520,57036,16.7
9,48,78,1450,36,47520,57036,16.7
10,48,56,1394,36,47520,57036,16.7
11,48,50,1344,36,47520,57036,16.7
12,48,100,1244,36,47520,57036,16.7
13,48,88,1156,36,47520,57036,16.7
14,48,80,1076,36,47520,57036,16.7
15,48,53,1023,36,47520,57036,16.7
1,60,113,1887,37,98280,118806,17.3
2,54,154,1733,37,98280,118806,17.3
3,48,258,1475,37,98280,118806,17.3
4,48,204,1271,37,98280,118806,17.3
5,48,263,1008,37,98280,118806,17.3
6,48,250,758,37,98280,118806,17.3
7,48,224,534,37,98280,118806,17.3
8,48,242,292,37,98280,118806,17.3
9,48,251,41,37,98280,118806,17.3
10,48,41,0,37,98280,118806,17.3
11,48,0,0,37,98280,118806,17.3
12,48,0,0,37,98280,118806,17.3
13,48,0,0,37,98280,118806,17.3
14,48,0,0,37,98280,118806,17.3
15,48,0,0,37,98280,118806,17.3
1,60,76,1924,38,97662,99144,1.5
2,54,125,1799,38,97662,99144,1.5
3,48,158,1641,38,97662,99144,1.5
4,48,123,1518,38,97662,99144,1.5
5,48,141,1377,38,97662,99144,1.5
6,48,171,1206,38,97662,99144,1.5
7,48,103,1103,38,97662,99144,1.5
8,48,125,978,38,97662,99144,1.5
9,48,156,822,38,97662,99144,1.5
10,48,185,637,38,97662,99144,1.5
11,48,170,467,38,97662,99144,1.5
12,48,90,377,38,97662,99144,1.5
13,48,147,230,38,97662,99144,1.5
14,48,144,86,38,97662,99144,1.5
15,48,86,0,38,97662,99144,1.5
1,60,41,1959,39,52566,63552,17.3
2,54,79,1880,39,52566,63552,17.3
3,48,111,1769,39,52566,63552,17.3
4,48,84,1685,39,52566,63552,17.3
5,48,49,1636,39,52566,63552,17.3
6,48,67,1569,39,52566,63552,17.3
7,48,68,1501,39,52566,63552,17.3
8,48,71,1430,39,52566,63552,17.3
9,48,72,1358,39,52566,63552,17.3
10,48,54,1304,39,52566,63552,17.3
11,48,43,1261,39,52566,63552,17.3
12,48,67,1194,39,52566,63552,17.3
13,48,96,1098,39,52566,63552,17.3
14,48,120,978,39,52566,63552,17.3
15,48,53,925,39,52566,63552,17.3
1,60,81,1919,40,92424,94728,2.4
2,54,122,1797,40,92424,94728,2.4
3,48,120,1677,40,92424,94728,2.4
4,48,93,1584,40,92424,94728,2.4
5,48,110,1474,40,92424,94728,2.4
6,48,127,1347,40,92424,94728,2.4
7,48,106,1241,40,92424,94728,2.4
8,48,132,1109,40,92424,94728,2.4
9,48,182,927,40,92424,94728,2.4
10,48,201,726,40,92424,94728,2.4
11,48,194,532,40,92424,94728,2.4
12,48,104,428,40,92424,94728,2.4
13,48,44,384,40,92424,94728,2.4
14,48,170,214,40,92424,94728,2.4
15,48,104,110,40,92424,94728,2.4
1,60,89,1911,41,97944,100704,2.7
2,54,146,1765,41,97944,100704,2.7
3,48,184,1581,41,97944,100704,2.7
4,48,126,1455,41,97944,100704,2.7
5,48,143,1312,41,97944,100704,2.7
6,48,167,1145,41,97944,100704,2.7
7,48,188,957,41,97944,100704,2.7
8,48,150,807,41,97944,100704,2.7
9,48,183,624,41,97944,100704,2.7
10,48,139,485,41,97944,100704,2.7
11,48,156,329,41,97944,100704,2.7
12,48,167,162,41,97944,100704,2.7
13,48,26,136,41,97944,100704,2.7
14,48,136,0,41,97944,100704,2.7
15,48,0,0,41,97944,100704,2.7
1,60,69,1931,42,90456,92700,2.4
2,54,82,1849,42,90456,92700,2.4
3,48,164,1685,42,90456,92700,2.4
4,48,198,1487,42,90456,92700,2.4
5,48,126,1361,42,90456,92700,2.4
6,48,155,1206,42,90456,92700,2.4
7,48,44,1162,42,90456,92700,2.4
8,48,93,1069,42,90456,92700,2.4
9,48,130,939,42,90456,92700,2.4
10,48,130,809,42,90456,92700,2.4
11,48,120,689,42,90456,92700,2.4
12,48,137,552,42,90456,92700,2.4
13,48,89,463,42,90456,92700,2.4
14,48,183,280,42,90456,92700,2.4
15,48,137,143,42,90456,92700,2.4
1,60,95,1905,43,97548,102936,5.2
2,54,68,1837,43,97548,102936,5.2
3,48,172,1665,43,97548,102936,5.2
4,48,207,1458,43,97548,102936,5.2
5,48,102,1356,43,97548,102936,5.2
6,48,189,1167,43,97548,102936,5.2
7,48,284,883,43,97548,102936,5.2
8,48,65,818,43,97548,102936,5.2
9,48,140,678,43,97548,102936,5.2
10,48,160,518,43,97548,102936,5.2
11,48,216,302,43,97548,102936,5.2
12,48,153,149,43,97548,102936,5.2
13,48,136,13,43,97548,102936,5.2
14,48,13,0,43,97548,102936,5.2
15,48,0,0,43,97548,102936,5.2
1,60,105,1895,44,97986,108630,9.8
2,54,121,1774,44,97986,108630,9.8
3,48,222,1552,44,97986,108630,9.8
4,48,168,1384,44,97986,108630,9.8
5,48,94,1290,44,97986,108630,9.8
6,48,200,1090,44,97986,108630,9.8
7,48,273,817,44,97986,108630,9.8
8,48,147,670,44,97986,108630,9.8
9,48,278,392,44,97986,108630,9.8
10,48,248,144,44,97986,108630,9.8
11,48,53,91,44,97986,108630,9.8
12,48,91,0,44,97986,108630,9.8
13,48,0,0,44,97986,108630,9.8
14,48,0,0,44,97986,108630,9.8
15,48,0,0,44,97986,108630,9.8
1,60,82,1918,45,95406,96984,1.6
2,54,153,1765,45,95406,96984,1.6
3,48,177,1588,45,95406,96984,1.6
4,48,53,1535,45,95406,96984,1.6
5,48,152,1383,45,95406,96984,1.6
6,48,79,1304,45,95406,96984,1.6
7,48,60,1244,45,95406,96984,1.6
8,48,146,1098,45,95406,96984,1.6
9,48,182,916,45,95406,96984,1.6
10,48,135,781,45,95406,96984,1.6
11,48,133,648,45,95406,96984,1.6
12,48,104,544,45,95406,96984,1.6
13,48,199,345,45,95406,96984,1.6
14,48,139,206,45,95406,96984,1.6
15,48,154,52,45,95406,96984,1.6
1,60,97,1903,46,97956,105252,6.9
2,54,132,1771,46,97956,105252,6.9
3,48,177,1594,46,97956,105252,6.9
4,48,243,1351,46,97956,105252,6.9
5,48,105,1246,46,97956,105252,6.9
6,48,176,1070,46,97956,105252,6.9
7,48,177,893,46,97956,105252,6.9
8,48,198,695,46,97956,105252,6.9
9,48,220,475,46,97956,105252,6.9
10,48,117,358,46,97956,105252,6.9
11,48,130,228,46,97956,105252,6.9
12,48,169,59,46,97956,105252,6.9
13,48,59,0,46,97956,105252,6.9
14,48,0,0,46,97956,105252,6.9
15,48,0,0,46,97956,105252,6.9
1,60,42,1958,47,50202,60156,16.5
2,54,35,1923,47,50202,60156,16.5
3,48,87,1836,47,50202,60156,16.5
4,48,115,1721,47,50202,60156,16.5
5,48,74,1647,47,50202,60156,16.5
6,48,73,1574,47,50202,60156,16.5
7,48,42,1532,47,50202,60156,16.5
8,48,85,1447,47,50202,60156,16.5
9,48,92,1355,47,50202,60156,16.5
10,48,85,1270,47,50202,60156,16.5
11,48,39,1231,47,50202,60156,16.5
12,48,63,1168,47,50202,60156,16.5
13,48,75,1093,47,50202,60156,16.5
14,48,35,1058,47,50202,60156,16.5
15,48,89,969,47,50202,60156,16.5
1,60,108,1892,48,98442,110418,10.8
2,54,191,1701,48,98442,110418,10.8
3,48,136,1565,48,98442,110418,10.8
4,48,122,1443,48,98442,110418,10.8
5,48,182,1261,48,98442,110418,10.8
6,48,208,1053,48,98442,110418,10.8
7,48,229,824,48,98442,110418,10.8
8,48,327,497,48,98442,110418,10.8
9,48,248,249,48,98442,110418,10.8
10,48,104,145,48,98442,110418,10.8
11,48,145,0,48,98442,110418,10.8
12,48,0,0,48,98442,110418,10.8
13,48,0,0,48,98442,110418,10.8
14,48,0,0,48,98442,110418,10.8
15,48,0,0,48,98442,110418,10.8
1,60,92,1908,49,97860,102852,4.9
2,54,126,1782,49,97860,102852,4.9
3,48,221,1561,49,97860,102852,4.9
4,48,120,1441,49,97860,102852,4.9
5,48,166,1275,49,97860,102852,4.9
6,48,157,1118,49,97860,102852,4.9
7,48,172,946,49,97860,102852,4.9
8,48,161,785,49,97860,102852,4.9
9,48,125,660,49,97860,102852,4.9
10,48,197,463,49,97860,102852,4.9
11,48,136,327,49,97860,102852,4.9
12,48,183,144,49,97860,102852,4.9
13,48,144,0,49,97860,102852,4.9
14,48,0,0,49,97860,102852,4.9
15,48,0,0,49,97860,102852,4.9
1,60,91,1909,50,98004,105690,7.3
2,54,152,1757,50,98004,105690,7.3
3,48,136,1621,50,98004,105690,7.3
4,48,209,1412,50,98004,105690,7.3
5,48,145,1267,50,98004,105690,7.3
6,48,146,1121,50,98004,105690,7.3
7,48,161,960,50,98004,105690,7.3
8,48,177,783,50,98004,105690,7.3
9,48,206,577,50,98004,105690,7.3
10,48,183,394,50,98004,105690,7.3
11,48,192,202,50,98004,105690,7.3
12,48,171,31,50,98004,105690,7.3
13,48,31,0,50,98004,105690,7.3
14,48,0,0,50,98004,105690,7.3
15,48,0,0,50,98004,105690,7.3
